<xStudents xmlns="http://www.sifassociation.org/datamodel/na/3.3">
   <xStudent refId="7FD01E92-9BD8-4BDB-933F-726171A3C0E9">
      <name>
         <type>LegalName</type>
         <familyName>Brown</familyName>
         <givenName>Dori</givenName>
         <middleName>Modified</middleName>
      </name>
      <otherIds>
         <otherId>
            <type>SEA</type>
            <id>457232657</id>
         </otherId>
         <otherId>
            <type>LEA</type>
            <id>438788</id>
         </otherId>
      </otherIds>
      <address>
         <addressType>Mailing</addressType>
         <line1>20 New Street</line1>
         <city>NEWTOWN</city>
         <stateProvince>NY</stateProvince>
         <countryCode>US</countryCode>
         <postalCode>10501</postalCode>
      </address>
      <phoneNumber>
         <phoneNumberType>Cell</phoneNumberType>
         <number>5552786815</number>
         <primaryIndicator>false</primaryIndicator>
      </phoneNumber>
      <email>
         <emailType>Organizational</emailType>
         <emailAddress>DoriBrown@HudsonNorthHS.edu</emailAddress>
      </email>
      <otherEmails>
         <email>
            <emailType>Personal</emailType>
            <emailAddress>DoriBrown@Personal.com</emailAddress>
         </email>
      </otherEmails>
      <demographics>
         <hispanicLatinoEthnicity>true</hispanicLatinoEthnicity>
         <sex>Female</sex>
         <birthDate>1998-06-11</birthDate>
         <usCitizenshipStatus>1</usCitizenshipStatus>
      </demographics>
      <enrollment>
         <leaRefId>BA91C9D9-3393-2534-262C-ED3B8F7BA064</leaRefId>
         <schoolRefId>2351B3F4-C788-4500-177B-23E0D87AEC97</schoolRefId>
         <responsibleSchoolType>Accountability</responsibleSchoolType>
         <membershipType>Home</membershipType>
         <homeRoomNumber>170</homeRoomNumber>
         <counselor>
            <refId>936647C1-1568-4F43-9E75-00007A8B7ED4</refId>
            <givenName>Felix</givenName>
            <familyName>Pomp</familyName>
         </counselor>
      </enrollment>
   </xStudent>
   <!-- Should not exist -->
   <xStudent refId="BB09B89A-2DC3-41D1-9D92-C22582A0A7CC">
      <name>
         <type>LegalName</type>
         <familyName>Black</familyName>
         <givenName>Will</givenName>
         <middleName>L</middleName>
      </name>
      <otherIds>
         <otherId>
            <type>LEA</type>
            <id>658517</id>
         </otherId>
         <otherId>
            <type>SEA</type>
            <id>477463266</id>
         </otherId>
      </otherIds>
      <address>
         <addressType>Mailing</addressType>
         <line1>10 Third Oval</line1>
         <city>ARMONK</city>
         <stateProvince>NY</stateProvince>
         <countryCode>US</countryCode>
         <postalCode>10504</postalCode>
      </address>
      <phoneNumber>
         <phoneNumberType>Home</phoneNumberType>
         <number>5555251185</number>
         <primaryIndicator>true</primaryIndicator>
      </phoneNumber>
      <email>
         <emailType>Organizational</emailType>
         <emailAddress>WillWhite@HudsonNorthHS.edu</emailAddress>
      </email>
      <otherEmails>
         <email>
            <emailType>Personal</emailType>
            <emailAddress>WillWhite@Personal.com</emailAddress>
         </email>
      </otherEmails>
      <demographics>
         <hispanicLatinoEthnicity>false</hispanicLatinoEthnicity>
         <sex>Male</sex>
         <birthDate>1998-06-11</birthDate>
         <usCitizenshipStatus>0</usCitizenshipStatus>
      </demographics>
      <enrollment>
         <leaRefId>BA91C9D9-3393-2534-262C-ED3B8F7BA064</leaRefId>
         <schoolRefId>2351B3F4-C788-4500-177B-23E0D87AEC97</schoolRefId>
         <responsibleSchoolType>Accountability</responsibleSchoolType>
         <membershipType>Home</membershipType>
         <homeRoomNumber>176</homeRoomNumber>
         <counselor>
            <refId>936647C1-1568-4F43-9E75-00007A8B7ED4</refId>
            <givenName>Felix</givenName>
            <familyName>Pomp</familyName>
         </counselor>
      </enrollment>
   </xStudent>
</xStudents>